WKT,name,Desrciption,Weight,Neighborhood,X,Y,X Weight,Y Weight
POINT (34.9584236 29.5514677),lot 1,,2,1,34.9584236,29.5514677,69.9168472,59.1029354
POINT (34.9568517 29.5510369),lot 2,,1,1,34.9568517,29.5510369,34.9568517,29.5510369
POINT (34.9582331 29.550742),lot 3,,2,1,34.9582331,29.550742,69.9164662,59.101484
POINT (34.9588849 29.5507514),lot 4,,2,1,34.9588849,29.5507514,69.9177698,59.1015028
POINT (34.9590512 29.5512437),lot 6,,1,1,34.9590512,29.5512437,34.9590512,29.5512437
POINT (34.9531603 29.5557792),lot 33,,3,1,34.9531603,29.5557792,104.8594809,88.6673376
POINT (34.9545621 29.5556884),lot 34,,2,1,34.9545621,29.5556884,69.9091242,59.1113768
POINT (34.9513128 29.5550618),lot 35,,3,1,34.9513128,29.5550618,104.8539384,88.6651854
POINT (34.9516427 29.5558294),lot 36,,2,1,34.9516427,29.5558294,69.9032854,59.1116588
POINT (34.950429 29.5558265),lot 37,,1,1,34.950429,29.5558265,34.950429,29.5558265
POINT (34.9535555 29.5501674),lot 53,,3,1,34.9535555,29.5501674,104.8606665,88.6505022
POINT (34.9511165 29.5524703),lot 55,,3,1,34.9511165,29.5524703,104.8533495,88.6574109
POINT (34.9503341 29.5533018),lot 56,3ocated near 1choo3,2,1,34.9503341,29.5533018,69.9006682,59.1066036
POINT (34.9582317 29.554394),lot 58,,3,1,34.9582317,29.554394,104.8746951,88.663182
POINT (34.9516993 29.5523192),lot 57,,3,1,34.9516993,29.5523192,104.8550979,88.6569576
POINT (34.9627079 29.5504342),lot 59,,3,1,34.9627079,29.5504342,104.8881237,88.6513026
POINT (34.9611835 29.5494837),lot 60,,3,1,34.9611835,29.5494837,104.8835505,88.6484511
POINT (34.9620544 29.5490977),lot 61,,3,1,34.9620544,29.5490977,104.8861632,88.6472931
POINT (34.9659674 29.5484634),lot 62,,2,1,34.9659674,29.5484634,69.9319348,59.0969268
POINT (34.9661124 29.5489884),lot 63,,2,1,34.9661124,29.5489884,69.9322248,59.0979768
POINT (34.9655892 29.5491971),lot 64,,2,1,34.9655892,29.5491971,69.9311784,59.0983942
POINT (34.9650392 29.5494646),lot 65,,2,1,34.9650392,29.5494646,69.9300784,59.0989292
POINT (34.9637006 29.5500903),lot 66,,2,1,34.9637006,29.5500903,69.9274012,59.1001806
POINT (34.964163 29.5499939),lot 67,,3,1,34.964163,29.5499939,104.892489,88.6499817
POINT (34.9660555 29.549883),lot 69,,1,1,34.9660555,29.549883,34.9660555,29.549883
POINT (34.9658369 29.5506261),lot 70,,3,1,34.9658369,29.5506261,104.8975107,88.6518783
POINT (34.9647146 29.5519928),lot 71,,3,1,34.9647146,29.5519928,104.8941438,88.6559784
POINT (34.9642306 29.5514008),lot 72,,3,1,34.9642306,29.5514008,104.8926918,88.6542024
POINT (34.9620726 29.5512818),lot 73,,3,1,34.9620726,29.5512818,104.8862178,88.6538454
POINT (34.9634575 29.552138),lot 74,,3,1,34.9634575,29.552138,104.8903725,88.656414
POINT (34.9667193 29.5540665),lot 75,,3,1,34.9667193,29.5540665,104.9001579,88.6621995
POINT (34.9647463 29.55341),lot 76,,2,1,34.9647463,29.55341,69.9294926,59.10682
POINT (34.9646353 29.5540117),lot 77,,2,1,34.9646353,29.5540117,69.9292706,59.1080234
POINT (34.9631437 29.5535639),lot 78,,1,1,34.9631437,29.5535639,34.9631437,29.5535639
POINT (34.962394 29.5538104),lot 79,,3,1,34.962394,29.5538104,104.887182,88.6614312
POINT (34.9594977 29.5549593),lot 82,,1,1,34.9594977,29.5549593,34.9594977,29.5549593
POINT (34.9639955 29.554711),lot 83,,1,1,34.9639955,29.554711,34.9639955,29.554711
POINT (34.9622153 29.5551367),lot 84,,2,1,34.9622153,29.5551367,69.9244306,59.1102734
POINT (34.9610101 29.5551128),lot 85,,2,1,34.9610101,29.5551128,69.9220202,59.1102256
POINT (34.9592829 29.5556484),lot 86,,2,1,34.9592829,29.5556484,69.9185658,59.1112968
POINT (34.9660967 29.5550506),lot 87,,3,1,34.9660967,29.5550506,104.8982901,88.6651518
POINT (34.9633069 29.5558451),lot 88,,2,1,34.9633069,29.5558451,69.9266138,59.1116902
POINT (34.962841 29.5561844),lot 89,,1,1,34.962841,29.5561844,34.962841,29.5561844
POINT (34.962752 29.5572586),lot 90,,2,1,34.962752,29.5572586,69.925504,59.1145172
POINT (34.9615361 29.5564451),lot 91,,3,1,34.9615361,29.5564451,104.8846083,88.6693353
POINT (34.9602426 29.5567652),lot 92,,1,1,34.9602426,29.5567652,34.9602426,29.5567652
POINT (34.9525642 29.5487348),lot 93,,3,1,34.9525642,29.5487348,104.8576926,88.6462044
POINT (34.9523084 29.5479165),lot 94,,2,1,34.9523084,29.5479165,69.9046168,59.095833
POINT (34.9522424 29.5561524),lot 107,,3,1,34.9522424,29.5561524,104.8567272,88.6684572
POINT (34.9520735 29.5566693),lot 108,,2,1,34.9520735,29.5566693,69.904147,59.1133386
POINT (34.9554089 29.5575619),lot 111,,1,1,34.9554089,29.5575619,34.9554089,29.5575619
POINT (34.9545168 29.5572233),lot 114,,1,1,34.9545168,29.5572233,34.9545168,29.5572233
POINT (34.9510788 29.5511792),lot 139,,1,1,34.9510788,29.5511792,34.9510788,29.5511792
POINT (34.9517862 29.5508887),lot 140,,2,1,34.9517862,29.5508887,69.9035724,59.1017774
POINT (34.9524549 29.5499654),lot 141,,3,1,34.9524549,29.5499654,104.8573647,88.6498962
POINT (34.9603687 29.5543121),lot 142,,2,1,34.9603687,29.5543121,69.9207374,59.1086242
POINT (34.9530505 29.5536062),lot 143,,2,1,34.9530505,29.5536062,69.906101,59.1072124
POINT (34.9564126 29.5516994),lot 171,,2,1,34.9564126,29.5516994,69.9128252,59.1033988
POINT (34.9556803 29.5513039),lot 172,,1,1,34.9556803,29.5513039,34.9556803,29.5513039
POINT (34.9563187 29.5510076),lot 173,,3,1,34.9563187,29.5510076,104.8689561,88.6530228
POINT (34.9592906 29.5516096),lot 175,,2,1,34.9592906,29.5516096,69.9185812,59.1032192
POINT (34.9580461 29.5528952),lot 178,,2,1,34.9580461,29.5528952,69.9160922,59.1057904
POINT (34.9554412 29.5554875),lot 246,,2,1,34.9554412,29.5554875,69.9108824,59.110975
POINT (34.9551328 29.5547397),lot 247,,2,1,34.9551328,29.5547397,69.9102656,59.1094794
POINT (34.9526344 29.5518005),lot 263,,2,1,34.9526344,29.5518005,69.9052688,59.103601
POINT (34.9562749 29.5530334),lot 264,,3,1,34.9562749,29.5530334,104.8688247,88.6591002
POINT (34.9681289 29.5473474),lot 265,,2,1,34.9681289,29.5473474,69.9362578,59.0946948
POINT (34.9568973 29.5516482),lot 266,,2,1,34.9568973,29.5516482,69.9137946,59.1032964
POINT (34.9576672 29.5507747),lot 267,,1,1,34.9576672,29.5507747,34.9576672,29.5507747
POINT (34.9529032 29.5555484),lot 110,,3,1,34.9529032,29.5555484,104.8587096,88.6666452
POINT (34.9534586 29.5561188),lot 109,,3,1,34.9534586,29.5561188,104.8603758,88.6683564
POINT (34.9519847 29.5487835),Point 363,,3,1,34.9519847,29.5487835,104.8559541,88.6463505
POINT (34.9514014 29.55139),lot 374,,1,1,34.9514014,29.55139,34.9514014,29.55139
POINT (34.9642865 29.5488653),Point 365,,3,1,34.9642865,29.5488653,104.8928595,88.6465959
POINT (34.9671819 29.5501539),Point 366,,3,1,34.9671819,29.5501539,104.9015457,88.6504617
POINT (34.9624086 29.5542358),lot 80,,2,1,34.9624086,29.5542358,69.9248172,59.1084716
POINT (34.9577571 29.5513121),lot 174,,2,1,34.9577571,29.5513121,69.9155142,59.1026242
POINT (34.9463012 29.5701376),lot 10,,3,2,34.9463012,29.5701376,104.8389036,88.7104128
POINT (34.9526808 29.5641739),lot 11,3ocated near 1choo3,1,2,34.9526808,29.5641739,34.9526808,29.5641739
POINT (34.9512349 29.5693952),lot 13,,2,2,34.9512349,29.5693952,69.9024698,59.1387904
POINT (34.9513208 29.5665997),lot 17,,1,2,34.9513208,29.5665997,34.9513208,29.5665997
POINT (34.9545555 29.5623667),lot 30,,1,2,34.9545555,29.5623667,34.9545555,29.5623667
POINT (34.9514792 29.5641251),lot 31,,1,2,34.9514792,29.5641251,34.9514792,29.5641251
POINT (34.9523011 29.5599808),lot 116,,1,2,34.9523011,29.5599808,34.9523011,29.5599808
POINT (34.9533884 29.5613669),lot 146,,1,2,34.9533884,29.5613669,34.9533884,29.5613669
POINT (34.9516683 29.5636916),lot 150,,2,2,34.9516683,29.5636916,69.9033366,59.1273832
POINT (34.9531364 29.5578346),lot 154,,3,2,34.9531364,29.5578346,104.8594092,88.6735038
POINT (34.953454 29.5590372),lot 155,,2,2,34.953454,29.5590372,69.906908,59.1180744
POINT (34.9543456 29.5591142),lot 168,,2,2,34.9543456,29.5591142,69.9086912,59.1182284
POINT (34.9539836 29.5603383),lot 169,,1,2,34.9539836,29.5603383,34.9539836,29.5603383
POINT (34.9532322 29.5601103),lot 170,,1,2,34.9532322,29.5601103,34.9532322,29.5601103
POINT (34.9518282 29.5674187),lot 199,,2,2,34.9518282,29.5674187,69.9036564,59.1348374
POINT (34.9518866 29.5653215),lot 200,,1,2,34.9518866,29.5653215,34.9518866,29.5653215
POINT (34.9519225 29.5660328),lot 201,,2,2,34.9519225,29.5660328,69.903845,59.1320656
POINT (34.9526065 29.5661424),lot 202,,2,2,34.9526065,29.5661424,69.905213,59.1322848
POINT (34.9543653 29.5652329),lot 204,,1,2,34.9543653,29.5652329,34.9543653,29.5652329
POINT (34.9512621 29.5589444),lot 224,,1,2,34.9512621,29.5589444,34.9512621,29.5589444
POINT (34.9520535 29.5592779),lot 227,,3,2,34.9520535,29.5592779,104.8561605,88.6778337
POINT (34.9524278 29.5583471),lot 244,,1,2,34.9524278,29.5583471,34.9524278,29.5583471
POINT (34.9517559 29.5582946),lot 245,,1,2,34.9517559,29.5582946,34.9517559,29.5582946
POINT (34.9549704 29.564576),lot 262,,1,2,34.9549704,29.564576,34.9549704,29.564576
POINT (34.9537126 29.567579),lot 272,,1,2,34.9537126,29.567579,34.9537126,29.567579
POINT (34.9496045 29.5627514),lot 14,,1,3,34.9496045,29.5627514,34.9496045,29.5627514
POINT (34.9508855 29.5610736),lot 16,,2,3,34.9508855,29.5610736,69.901771,59.1221472
POINT (34.9491352 29.5595287),lot 20,,2,3,34.9491352,29.5595287,69.8982704,59.1190574
POINT (34.9498792 29.5671013),lot 21,,1,3,34.9498792,29.5671013,34.9498792,29.5671013
POINT (34.9483785 29.5611517),lot 22,,1,3,34.9483785,29.5611517,34.9483785,29.5611517
POINT (34.9478121 29.559609),lot 145,,1,3,34.9478121,29.559609,34.9478121,29.559609
POINT (34.9489522 29.5624882),lot 179,,1,3,34.9489522,29.5624882,34.9489522,29.5624882
POINT (34.9486278 29.5635353),lot 180,,2,3,34.9486278,29.5635353,69.8972556,59.1270706
POINT (34.9474766 29.5637774),lot 181,,1,3,34.9474766,29.5637774,34.9474766,29.5637774
POINT (34.9467849 29.5633285),lot 182,,1,3,34.9467849,29.5633285,34.9467849,29.5633285
POINT (34.9462659 29.5632355),lot 183,,1,3,34.9462659,29.5632355,34.9462659,29.5632355
POINT (34.9456452 29.5639607),lot 184,,2,3,34.9456452,29.5639607,69.8912904,59.1279214
POINT (34.9498218 29.5638142),lot 186,,2,3,34.9498218,29.5638142,69.8996436,59.1276284
POINT (34.9503828 29.5642623),lot 187,,2,3,34.9503828,29.5642623,69.9007656,59.1285246
POINT (34.9456759 29.564115),lot 189,,1,3,34.9456759,29.564115,34.9456759,29.564115
POINT (34.9500428 29.5661411),lot 211,,1,3,34.9500428,29.5661411,34.9500428,29.5661411
POINT (34.9495922 29.5660781),lot 212,,1,3,34.9495922,29.5660781,34.9495922,29.5660781
POINT (34.9491497 29.5660151),lot 213,,1,3,34.9491497,29.5660151,34.9491497,29.5660151
POINT (34.9488573 29.5663744),lot 214,,1,3,34.9488573,29.5663744,34.9488573,29.5663744
POINT (34.9499534 29.5614725),lot 232,,1,3,34.9499534,29.5614725,34.9499534,29.5614725
POINT (34.950353 29.5615367),lot 233,,1,3,34.950353,29.5615367,34.950353,29.5615367
POINT (34.9497389 29.5622076),lot 235,,1,3,34.9497389,29.5622076,34.9497389,29.5622076
POINT (34.9481065 29.5643865),lot 261,3ocated near 1choo3 but 3ike 1o 12a33,1,3,34.9481065,29.5643865,34.9481065,29.5643865
POINT (34.9499333 29.5606047),lot 234,,2,3,34.9499333,29.5606047,69.8998666,59.1212094
POINT (34.941105 29.565551),lot 218,,2,4,34.941105,29.565551,69.88221,59.131102
POINT (34.9410172 29.5645742),lot 220,,3,4,34.9410172,29.5645742,104.8230516,88.6937226
POINT (34.9423168 29.5656686),lot 221,3ocated near 1choo3,2,4,34.9423168,29.5656686,69.8846336,59.1313372
POINT (34.9433961 29.5649664),lot 222,3ocated near 1choo3,2,4,34.9433961,29.5649664,69.8867922,59.1299328
POINT (34.9441196 29.5646245),lot 223,,1,4,34.9441196,29.5646245,34.9441196,29.5646245
POINT (34.9428669 29.5640333),lot 225,,2,4,34.9428669,29.5640333,69.8857338,59.1280666
POINT (34.9427744 29.5633568),lot 228,,2,4,34.9427744,29.5633568,69.8855488,59.1267136
POINT (34.941184 29.5633642),lot 231,,2,4,34.941184,29.5633642,69.882368,59.1267284
POINT (34.9419371 29.5624472),lot 248,,3,4,34.9419371,29.5624472,104.8258113,88.6873416
POINT (34.9400113 29.5619899),lot 249,,2,4,34.9400113,29.5619899,69.8800226,59.1239798
POINT (34.9411083 29.561629),Point 271,,2,4,34.9411083,29.561629,69.8822166,59.123258
POINT (34.9400766 29.5615005),Point 530,,2,4,34.9400766,29.5615005,69.8801532,59.123001
POINT (34.9406743 29.5612589),Point 531,,2,4,34.9406743,29.5612589,69.8813486,59.1225178
POINT (34.9467242 29.5605008),lot 9,,1,5,34.9467242,29.5605008,34.9467242,29.5605008
POINT (34.9470956 29.5600057),lot 147,,2,5,34.9470956,29.5600057,69.8941912,59.1200114
POINT (34.9468998 29.5591308),lot 148,,1,5,34.9468998,29.5591308,34.9468998,29.5591308
POINT (34.9455126 29.5599241),lot 151,,1,5,34.9455126,29.5599241,34.9455126,29.5599241
POINT (34.9446315 29.5601877),lot 152,,2,5,34.9446315,29.5601877,69.889263,59.1203754
POINT (34.9457557 29.5583638),lot 160,,1,5,34.9457557,29.5583638,34.9457557,29.5583638
POINT (34.9451372 29.5581967),lot 161,,1,5,34.9451372,29.5581967,34.9451372,29.5581967
POINT (34.9448822 29.5589835),lot 164,,1,5,34.9448822,29.5589835,34.9448822,29.5589835
POINT (34.9453553 29.56348),lot 185,,2,5,34.9453553,29.56348,69.8907106,59.12696
POINT (34.9457871 29.5625452),lot 203,,2,5,34.9457871,29.5625452,69.8915742,59.1250904
POINT (34.9449873 29.5623385),lot 208,,2,5,34.9449873,29.5623385,69.8899746,59.124677
POINT (34.9454254 29.5618848),lot 209,,1,5,34.9454254,29.5618848,34.9454254,29.5618848
POINT (34.946289 29.5616049),lot 210,,2,5,34.946289,29.5616049,69.892578,59.1232098
POINT (34.9449521 29.5629913),lot 215,,1,5,34.9449521,29.5629913,34.9449521,29.5629913
POINT (34.9464977 29.5583983),lot 229,,1,5,34.9464977,29.5583983,34.9464977,29.5583983
POINT (34.9445227 29.5618249),lot 270,,1,5,34.9445227,29.5618249,34.9445227,29.5618249
POINT (34.9503485 29.5564791),lot 38,,1,6,34.9503485,29.5564791,34.9503485,29.5564791
POINT (34.9504329 29.5569611),lot 39,,1,6,34.9504329,29.5569611,34.9504329,29.5569611
POINT (34.9502151 29.5578855),lot 40,,1,6,34.9502151,29.5578855,34.9502151,29.5578855
POINT (34.9497886 29.5581515),lot 41,,1,6,34.9497886,29.5581515,34.9497886,29.5581515
POINT (34.9481261 29.5566914),lot 42,,1,6,34.9481261,29.5566914,34.9481261,29.5566914
POINT (34.9480828 29.5552446),lot 44,,3,6,34.9480828,29.5552446,104.8442484,88.6657338
POINT (34.9489915 29.5581505),lot 117,,1,6,34.9489915,29.5581505,34.9489915,29.5581505
POINT (34.9498757 29.5592255),lot 144,,2,6,34.9498757,29.5592255,69.8997514,59.118451
POINT (34.9504527 29.558037),lot 156,,1,6,34.9504527,29.558037,34.9504527,29.558037
POINT (34.9489316 29.558922),lot 157,,1,6,34.9489316,29.558922,34.9489316,29.558922
POINT (34.9491636 29.5593827),lot 158,,2,6,34.9491636,29.5593827,69.8983272,59.1187654
POINT (34.9484684 29.5553257),lot 269,,2,6,34.9484684,29.5553257,69.8969368,59.1106514
POINT (34.9484543 29.555654),lot 43,,2,6,34.9484543,29.555654,69.8969086,59.111308
POINT (34.9484832 29.5561411),lot 268,,3,6,34.9484832,29.5561411,104.8454496,88.6684233
POINT (34.9457101 29.555788),lot 45,,1,7,34.9457101,29.555788,34.9457101,29.555788
POINT (34.9445322 29.555783),lot 46,,1,7,34.9445322,29.555783,34.9445322,29.555783
POINT (34.9446557 29.5562355),lot 47,,1,7,34.9446557,29.5562355,34.9446557,29.5562355
POINT (34.9453537 29.5566595),lot 48,,1,7,34.9453537,29.5566595,34.9453537,29.5566595
POINT (34.9456144 29.5561569),lot 49,,1,7,34.9456144,29.5561569,34.9456144,29.5561569
POINT (34.9452284 29.5570753),lot 50,,2,7,34.9452284,29.5570753,69.8904568,59.1141506
POINT (34.9395188 29.5567704),Point 335,,2,7,34.9395188,29.5567704,69.8790376,59.1135408
POINT (34.9410253 29.5560392),Point 336,,2,7,34.9410253,29.5560392,69.8820506,59.1120784
POINT (34.9407946 29.5570506),Point 337,,1,7,34.9407946,29.5570506,34.9407946,29.5570506
POINT (34.9410006 29.5583842),Point 338,,2,7,34.9410006,29.5583842,69.8820012,59.1167684
POINT (34.9405233 29.5590142),Point 339,,2,7,34.9405233,29.5590142,69.8810466,59.1180284
POINT (34.9439006 29.5574699),Point 340,,2,7,34.9439006,29.5574699,69.8878012,59.1149398
POINT (34.9430138 29.5574529),Point 341,,1,7,34.9430138,29.5574529,34.9430138,29.5574529
POINT (34.942842 29.5572781),Point 342,,1,7,34.942842,29.5572781,34.942842,29.5572781
POINT (34.9426814 29.5570245),Point 343,,2,7,34.9426814,29.5570245,69.8853628,59.114049
POINT (34.9438424 29.5569676),Point 344,,1,7,34.9438424,29.5569676,34.9438424,29.5569676
POINT (34.9415848 29.5564902),Point 345,,2,7,34.9415848,29.5564902,69.8831696,59.1129804
POINT (34.9409384 29.5586924),Point 532,,2,7,34.9409384,29.5586924,69.8818768,59.1173848
POINT (34.936777 29.5629913),Point 272,,1,8,34.936777,29.5629913,34.936777,29.5629913
POINT (34.9354628 29.5626905),Point 273,,2,8,34.9354628,29.5626905,69.8709256,59.125381
POINT (34.9348396 29.5625906),Point 274,,2,8,34.9348396,29.5625906,69.8696792,59.1251812
POINT (34.9344299 29.5623857),Point 275,,1,8,34.9344299,29.5623857,34.9344299,29.5623857
POINT (34.9373182 29.562255),Point 276,,1,8,34.9373182,29.562255,34.9373182,29.562255
POINT (34.9369396 29.5620471),Point 277,,2,8,34.9369396,29.5620471,69.8738792,59.1240942
POINT (34.9362517 29.5619518),Point 278,,1,8,34.9362517,29.5619518,34.9362517,29.5619518
POINT (34.9352701 29.561836),Point 279,,1,8,34.9352701,29.561836,34.9352701,29.561836
POINT (34.9335752 29.5613723),Point 280,,2,8,34.9335752,29.5613723,69.8671504,59.1227446
POINT (34.9325478 29.5608025),Point 281,,2,8,34.9325478,29.5608025,69.8650956,59.121605
POINT (34.9346334 29.5613532),Point 282,,1,8,34.9346334,29.5613532,34.9346334,29.5613532
POINT (34.9355156 29.561492),Point 283,,1,8,34.9355156,29.561492,34.9355156,29.561492
POINT (34.9358214 29.5615286),Point 284,,1,8,34.9358214,29.5615286,34.9358214,29.5615286
POINT (34.936315 29.5616009),Point 285,,1,8,34.936315,29.5616009,34.936315,29.5616009
POINT (34.9368701 29.5616727),Point 286,,2,8,34.9368701,29.5616727,69.8737402,59.1233454
POINT (34.9373851 29.561774),Point 287,,1,8,34.9373851,29.561774,34.9373851,29.561774
POINT (34.9333267 29.5609366),Point 288,,2,8,34.9333267,29.5609366,69.8666534,59.1218732
POINT (34.9324644 29.560274),Point 289,,2,8,34.9324644,29.560274,69.8649288,59.120548
POINT (34.934118 29.5605413),Point 290,,1,8,34.934118,29.5605413,34.934118,29.5605413
POINT (34.9341985 29.5602566),Point 291,,1,8,34.9341985,29.5602566,34.9341985,29.5602566
POINT (34.9346213 29.5599571),Point 292,,1,8,34.9346213,29.5599571,34.9346213,29.5599571
POINT (34.9350611 29.5600298),Point 293,,1,8,34.9350611,29.5600298,34.9350611,29.5600298
POINT (34.9351802 29.5608492),Point 294,,1,8,34.9351802,29.5608492,34.9351802,29.5608492
POINT (34.9358679 29.5606105),Point 295,,2,8,34.9358679,29.5606105,69.8717358,59.121221
POINT (34.9360181 29.5608941),Point 296,,1,8,34.9360181,29.5608941,34.9360181,29.5608941
POINT (34.9366218 29.5603178),Point 297,,2,8,34.9366218,29.5603178,69.8732436,59.1206356
POINT (34.9376913 29.561037),Point 298,,2,8,34.9376913,29.561037,69.8753826,59.122074
POINT (34.9390099 29.5611826),Point 299,,2,8,34.9390099,29.5611826,69.8780198,59.1223652
POINT (34.9394713 29.5608614),Point 300,,1,8,34.9394713,29.5608614,34.9394713,29.5608614
POINT (34.9388158 29.5603052),Point 301,,2,8,34.9388158,29.5603052,69.8776316,59.1206104
POINT (34.9401648 29.5605324),Point 302,,2,8,34.9401648,29.5605324,69.8803296,59.1210648
POINT (34.9401622 29.5601034),Point 303,,1,8,34.9401622,29.5601034,34.9401622,29.5601034
POINT (34.9393441 29.5593712),Point 304,,2,8,34.9393441,29.5593712,69.8786882,59.1187424
POINT (34.938696 29.5592995),Point 305,,1,8,34.938696,29.5592995,34.938696,29.5592995
POINT (34.9384255 29.558564),Point 306,,2,8,34.9384255,29.558564,69.876851,59.117128
POINT (34.9388117 29.558592),Point 307,,2,8,34.9388117,29.558592,69.8776234,59.117184
POINT (34.9380163 29.5588208),Point 308,,1,8,34.9380163,29.5588208,34.9380163,29.5588208
POINT (34.9378017 29.5591229),Point 309,,1,8,34.9378017,29.5591229,34.9378017,29.5591229
POINT (34.9368441 29.5587442),Point 310,,2,8,34.9368441,29.5587442,69.8736882,59.1174884
POINT (34.9370414 29.5595467),Point 311,,1,8,34.9370414,29.5595467,34.9370414,29.5595467
POINT (34.9357944 29.5591153),Point 312,Pr2o1ing,3,8,34.9357944,29.5591153,104.8073832,88.6773459
POINT (34.934987 29.5592461),Point 313,,1,8,34.934987,29.5592461,34.934987,29.5592461
POINT (34.9349144 29.5586171),Point 315,,2,8,34.9349144,29.5586171,69.8698288,59.1172342
POINT (34.9344939 29.5592093),Point 316,,2,8,34.9344939,29.5592093,69.8689878,59.1184186
POINT (34.93409 29.5586149),Point 317,,1,8,34.93409,29.5586149,34.93409,29.5586149
POINT (34.9337361 29.5590329),Point 318,,1,8,34.9337361,29.5590329,34.9337361,29.5590329
POINT (34.9328864 29.5594142),Point 319,,1,8,34.9328864,29.5594142,34.9328864,29.5594142
POINT (34.9323205 29.5580824),Point 320,,2,10,34.9323205,29.5580824,69.864641,59.1161648
POINT (34.9326933 29.5579214),Point 321,,1,10,34.9326933,29.5579214,34.9326933,29.5579214
POINT (34.9317385 29.5578281),Point 322,,2,10,34.9317385,29.5578281,69.863477,59.1156562
POINT (34.9325824 29.5575722),Point 323,,2,10,34.9325824,29.5575722,69.8651648,59.1151444
POINT (34.9308279 29.5566372),Point 324,,3,10,34.9308279,29.5566372,104.7924837,88.6699116
POINT (34.9318785 29.5563702),Point 325,,2,10,34.9318785,29.5563702,69.863757,59.1127404
POINT (34.932533 29.5561182),Point 326,,2,10,34.932533,29.5561182,69.865066,59.1122364
POINT (34.9323399 29.555087),Point 327,,1,10,34.9323399,29.555087,34.9323399,29.555087
POINT (34.933029 29.5548026),Point 328,,1,10,34.933029,29.5548026,34.933029,29.5548026
POINT (34.9337828 29.5545529),Point 329,,1,10,34.9337828,29.5545529,34.9337828,29.5545529
POINT (34.9345132 29.5544502),Point 330,,1,10,34.9345132,29.5544502,34.9345132,29.5544502
POINT (34.9355724 29.5556676),Point 331,,2,10,34.9355724,29.5556676,69.8711448,59.1113352
POINT (34.9340195 29.5570631),Point 332,,1,10,34.9340195,29.5570631,34.9340195,29.5570631
POINT (34.9349047 29.5567224),Point 333,,2,10,34.9349047,29.5567224,69.8698094,59.1134448
POINT (34.9355918 29.5567271),Point 334,,2,10,34.9355918,29.5567271,69.8711836,59.1134542
POINT (34.9393057 29.5527043),Point 346,,1,11,34.9393057,29.5527043,34.9393057,29.5527043
POINT (34.9385488 29.551652),Point 347,,1,11,34.9385488,29.551652,34.9385488,29.551652
POINT (34.9389244 29.5510324),Point 348,,1,11,34.9389244,29.5510324,34.9389244,29.5510324
POINT (34.9394306 29.5508254),Point 349,,1,11,34.9394306,29.5508254,34.9394306,29.5508254
POINT (34.9399082 29.5505186),Point 350,,1,11,34.9399082,29.5505186,34.9399082,29.5505186
POINT (34.9404654 29.5502869),Point 351,,1,11,34.9404654,29.5502869,34.9404654,29.5502869
POINT (34.9409606 29.5500467),Point 352,,1,11,34.9409606,29.5500467,34.9409606,29.5500467
POINT (34.9414321 29.5498006),Point 353,,1,11,34.9414321,29.5498006,34.9414321,29.5498006
POINT (34.9419518 29.5495657),Point 354,,1,11,34.9419518,29.5495657,34.9419518,29.5495657
POINT (34.9424751 29.5493178),Point 355,,1,11,34.9424751,29.5493178,34.9424751,29.5493178
POINT (34.9429735 29.5490447),Point 356,,1,11,34.9429735,29.5490447,34.9429735,29.5490447
POINT (34.9419577 29.5503784),Point 357,,2,11,34.9419577,29.5503784,69.8839154,59.1007568
POINT (34.9423412 29.5507611),Point 358,,2,11,34.9423412,29.5507611,69.8846824,59.1015222
POINT (34.9422401 29.5515347),Point 359,,1,11,34.9422401,29.5515347,34.9422401,29.5515347
POINT (34.940747 29.5520477),Point 360,,1,11,34.940747,29.5520477,34.940747,29.5520477
POINT (34.9401583 29.5521643),Point 361,,1,11,34.9401583,29.5521643,34.9401583,29.5521643
POINT (34.9418989 29.5521859),Point 362,,1,11,34.9418989,29.5521859,34.9418989,29.5521859
POINT (34.945331 29.5522009),lot 129,,1,12,34.945331,29.5522009,34.945331,29.5522009
POINT (34.9450198 29.5533988),lot 130,,2,12,34.9450198,29.5533988,69.8900396,59.1067976
POINT (34.9450707 29.5537394),lot 131,,1,12,34.9450707,29.5537394,34.9450707,29.5537394
POINT (34.9455321 29.5546538),lot 132,,2,12,34.9455321,29.5546538,69.8910642,59.1093076
POINT (34.9449626 29.5549212),lot 133,,2,12,34.9449626,29.5549212,69.8899252,59.1098424
POINT (34.9463621 29.5535383),lot 134,,2,12,34.9463621,29.5535383,69.8927242,59.1070766
POINT (34.9464288 29.5541374),lot 135,,1,12,34.9464288,29.5541374,34.9464288,29.5541374
POINT (34.9471495 29.5536497),lot 136,,2,12,34.9471495,29.5536497,69.894299,59.1072994
POINT (34.9467497 29.5531889),lot 137,,1,12,34.9467497,29.5531889,34.9467497,29.5531889
POINT (34.9309146 29.5529144),Point 363,,2,13,34.9309146,29.5529144,69.8618292,59.1058288
POINT (34.9315208 29.5529097),Point 364,,2,13,34.9315208,29.5529097,69.8630416,59.1058194
POINT (34.9303504 29.5525831),Point 365,,1,13,34.9303504,29.5525831,34.9303504,29.5525831
POINT (34.9302378 29.5523544),Point 366,,1,13,34.9302378,29.5523544,34.9302378,29.5523544
POINT (34.930087 29.5521304),Point 367,,1,13,34.930087,29.5521304,34.930087,29.5521304
POINT (34.9297687 29.5517546),Point 368,,2,13,34.9297687,29.5517546,69.8595374,59.1035092
POINT (34.9297263 29.5507171),Point 369,,2,13,34.9297263,29.5507171,69.8594526,59.1014342
POINT (34.9299497 29.5500936),Point 370,,2,13,34.9299497,29.5500936,69.8598994,59.1001872
POINT (34.9303725 29.5499195),Point 371,,1,13,34.9303725,29.5499195,34.9303725,29.5499195
POINT (34.9307876 29.5497776),Point 372,,1,13,34.9307876,29.5497776,34.9307876,29.5497776
POINT (34.9314115 29.5495372),Point 373,,1,13,34.9314115,29.5495372,34.9314115,29.5495372
POINT (34.9319429 29.5493479),Point 374,,1,13,34.9319429,29.5493479,34.9319429,29.5493479
POINT (34.9352467 29.5497459),Point 375,,2,13,34.9352467,29.5497459,69.8704934,59.0994918
POINT (34.9347029 29.5500892),Point 376,,2,13,34.9347029,29.5500892,69.8694058,59.1001784
POINT (34.9340626 29.5504764),Point 377,,2,13,34.9340626,29.5504764,69.8681252,59.1009528
POINT (34.935893 29.5498233),Point 378,a33 a3ong the edge of thi1 road,2,13,34.935893,29.5498233,69.871786,59.0996466
POINT (34.9335708 29.5473547),Point 407,,2,14,34.9335708,29.5473547,69.8671416,59.0947094
POINT (34.934068 29.5472375),Point 408,,1,14,34.934068,29.5472375,34.934068,29.5472375
POINT (34.9338561 29.5468945),Point 409,,1,14,34.9338561,29.5468945,34.9338561,29.5468945
POINT (34.9335819 29.5477312),Point 410,,1,14,34.9335819,29.5477312,34.9335819,29.5477312
POINT (34.9329845 29.54807),Point 411,,1,14,34.9329845,29.54807,34.9329845,29.54807
POINT (34.9328048 29.547937),Point 412,,1,14,34.9328048,29.547937,34.9328048,29.547937
POINT (34.9325232 29.5482162),Point 413,,2,14,34.9325232,29.5482162,69.8650464,59.0964324
POINT (34.93215 29.5479386),Point 414,,2,14,34.93215,29.5479386,69.8643,59.0958772
POINT (34.9334455 29.5466949),Point 415,,1,14,34.9334455,29.5466949,34.9334455,29.5466949
POINT (34.9331218 29.5468591),Point 416,,2,14,34.9331218,29.5468591,69.8662436,59.0937182
POINT (34.9331524 29.5462471),Point 417,,1,14,34.9331524,29.5462471,34.9331524,29.5462471
POINT (34.9322162 29.5470931),Point 418,,2,14,34.9322162,29.5470931,69.8644324,59.0941862
POINT (34.9323099 29.5467437),Point 419,,1,14,34.9323099,29.5467437,34.9323099,29.5467437
POINT (34.9318391 29.5470472),Point 420,,1,14,34.9318391,29.5470472,34.9318391,29.5470472
POINT (34.9312744 29.5473552),Point 421,,1,14,34.9312744,29.5473552,34.9312744,29.5473552
POINT (34.9307383 29.5475537),Point 422,,1,14,34.9307383,29.5475537,34.9307383,29.5475537
POINT (34.9306095 29.5479644),Point 423,,2,14,34.9306095,29.5479644,69.861219,59.0959288
POINT (34.9295711 29.5484164),Point 424,,1,14,34.9295711,29.5484164,34.9295711,29.5484164
POINT (34.9295803 29.5486399),Point 425,,1,14,34.9295803,29.5486399,34.9295803,29.5486399
POINT (34.92965 29.5488559),Point 426,,1,14,34.92965,29.5488559,34.92965,29.5488559
POINT (34.929495 29.5491564),Point 427,,1,14,34.929495,29.5491564,34.929495,29.5491564
POINT (34.9284704 29.5476979),Point 428,,1,14,34.9284704,29.5476979,34.9284704,29.5476979
POINT (34.9285139 29.5475131),Point 429,,1,14,34.9285139,29.5475131,34.9285139,29.5475131
POINT (34.9285679 29.5470867),Point 430,,1,14,34.9285679,29.5470867,34.9285679,29.5470867
POINT (34.9294545 29.5464638),Point 431,,2,14,34.9294545,29.5464638,69.858909,59.0929276
POINT (34.9298541 29.546825),Point 432,,1,14,34.9298541,29.546825,34.9298541,29.546825
POINT (34.9302757 29.5456812),Point 433,,2,14,34.9302757,29.5456812,69.8605514,59.0913624
POINT (34.9304635 29.5454712),Point 434,,1,14,34.9304635,29.5454712,34.9304635,29.5454712
POINT (34.9306673 29.5454946),Point 435,,1,14,34.9306673,29.5454946,34.9306673,29.5454946
POINT (34.9309785 29.5449579),Point 436,,1,14,34.9309785,29.5449579,34.9309785,29.5449579
POINT (34.9315149 29.5450185),Point 437,,1,14,34.9315149,29.5450185,34.9315149,29.5450185
POINT (34.9310214 29.5448365),Point 438,,1,14,34.9310214,29.5448365,34.9310214,29.5448365
POINT (34.9276271 29.5480189),Point 439,,2,14,34.9276271,29.5480189,69.8552542,59.0960378
POINT (34.9275085 29.5465726),Point 442,,2,15,34.9275085,29.5465726,69.855017,59.0931452
POINT (34.9270232 29.5463278),Point 443,,1,15,34.9270232,29.5463278,34.9270232,29.5463278
POINT (34.9264653 29.5459451),Point 444,,1,15,34.9264653,29.5459451,34.9264653,29.5459451
POINT (34.9265135 29.5457398),Point 445,,1,15,34.9265135,29.5457398,34.9265135,29.5457398
POINT (34.926601 29.5455591),Point 446,,1,15,34.926601,29.5455591,34.926601,29.5455591
POINT (34.9262389 29.5454845),Point 447,,2,15,34.9262389,29.5454845,69.8524778,59.090969
POINT (34.927778 29.5462982),Point 448,,1,15,34.927778,29.5462982,34.927778,29.5462982
POINT (34.9280945 29.5464055),Point 449,,1,15,34.9280945,29.5464055,34.9280945,29.5464055
POINT (34.9283675 29.5461653),Point 450,,2,15,34.9283675,29.5461653,69.856735,59.0923306
POINT (34.9282871 29.5458479),Point 451,,2,15,34.9282871,29.5458479,69.8565742,59.0916958
POINT (34.928727 29.5454279),Point 452,,2,15,34.928727,29.5454279,69.857454,59.0908558
POINT (34.9289898 29.5455726),Point 453,,2,15,34.9289898,29.5455726,69.8579796,59.0911452
POINT (34.929762 29.5448472),Point 454,,2,15,34.929762,29.5448472,69.859524,59.0896944
POINT (34.9294744 29.5446222),Point 455,,2,15,34.9294744,29.5446222,69.8589488,59.0892444
POINT (34.9301744 29.5444275),Point 456,,2,15,34.9301744,29.5444275,69.8603488,59.088855
POINT (34.9303628 29.5441201),Point 457,,2,15,34.9303628,29.5441201,69.8607256,59.0882402
POINT (34.9292484 29.5435113),Point 458,,2,15,34.9292484,29.5435113,69.8584968,59.0870226
POINT (34.9293369 29.5433666),Point 459,,2,15,34.9293369,29.5433666,69.8586738,59.0867332
POINT (34.9296899 29.5431664),Point 460,!,2,15,34.9296899,29.5431664,69.8593798,59.0863328
POINT (34.9284684 29.5429359),Point 462,,2,15,34.9284684,29.5429359,69.8569368,59.0858718
POINT (34.9287663 29.5429241),Point 463,,2,15,34.9287663,29.5429241,69.8575326,59.0858482
POINT (34.9273953 29.5435335),Point 464,,2,15,34.9273953,29.5435335,69.8547906,59.087067
POINT (34.9265811 29.5470327),Point 440,,2,15,34.9265811,29.5470327,69.8531622,59.0940654
POINT (34.9270793 29.547464),Point 441,,2,15,34.9270793,29.547464,69.8541586,59.094928
POINT (34.9278041 29.5416558),Point 465,,1,17,34.9278041,29.5416558,34.9278041,29.5416558
POINT (34.9275887 29.5419356),Point 466,,1,17,34.9275887,29.5419356,34.9275887,29.5419356
POINT (34.9277014 29.5423836),Point 467,,1,17,34.9277014,29.5423836,34.9277014,29.5423836
POINT (34.9270604 29.5429274),Point 468,,2,17,34.9270604,29.5429274,69.8541208,59.0858548
POINT (34.9268295 29.5431907),Point 469,,2,17,34.9268295,29.5431907,69.853659,59.0863814
POINT (34.9265022 29.5434903),Point 470,,2,17,34.9265022,29.5434903,69.8530044,59.0869806
POINT (34.9261427 29.5437517),Point 471,,2,17,34.9261427,29.5437517,69.8522854,59.0875034
POINT (34.9259496 29.543999),Point 472,,2,17,34.9259496,29.543999,69.8518992,59.087998
POINT (34.9258882 29.5434597),Point 473,,1,17,34.9258882,29.5434597,34.9258882,29.5434597
POINT (34.9256307 29.5438004),Point 474,,1,17,34.9256307,29.5438004,34.9256307,29.5438004
POINT (34.9255073 29.5440104),Point 475,,1,17,34.9255073,29.5440104,34.9255073,29.5440104
POINT (34.9253392 29.5445402),Point 476,,1,17,34.9253392,29.5445402,34.9253392,29.5445402
POINT (34.9250549 29.5447176),Point 477,,1,17,34.9250549,29.5447176,34.9250549,29.5447176
POINT (34.9250218 29.5448956),Point 478,,2,17,34.9250218,29.5448956,69.8500436,59.0897912
POINT (34.9247267 29.5442423),Point 479,,1,17,34.9247267,29.5442423,34.9247267,29.5442423
POINT (34.924298 29.5438964),Point 480,,1,17,34.924298,29.5438964,34.924298,29.5438964
POINT (34.9241103 29.544071),Point 481,,1,17,34.9241103,29.544071,34.9241103,29.544071
POINT (34.9243338 29.5442277),Point 482,,1,17,34.9243338,29.5442277,34.9243338,29.5442277
POINT (34.9246718 29.5432767),Point 483,,1,17,34.9246718,29.5432767,34.9246718,29.5432767
POINT (34.9250711 29.5436127),Point 484,,1,17,34.9250711,29.5436127,34.9250711,29.5436127
POINT (34.9250512 29.5429314),Point 485,,2,17,34.9250512,29.5429314,69.8501024,59.0858628
POINT (34.9254958 29.5424506),Point 486,,1,17,34.9254958,29.5424506,34.9254958,29.5424506
POINT (34.9274336 29.5421592),Point 487,,1,17,34.9274336,29.5421592,34.9274336,29.5421592
POINT (34.9263211 29.5423225),Point 488,,2,17,34.9263211,29.5423225,69.8526422,59.084645
POINT (34.9258544 29.5420191),Point 489,,2,17,34.9258544,29.5420191,69.8517088,59.0840382
POINT (34.9259724 29.5427265),Point 490,,2,17,34.9259724,29.5427265,69.8519448,59.085453
POINT (34.9263694 29.5430019),Point 491,,1,17,34.9263694,29.5430019,34.9263694,29.5430019
POINT (34.9266805 29.5426892),Point 492,,1,17,34.9266805,29.5426892,34.9266805,29.5426892
POINT (34.9235542 29.5431366),Point 493,,1,17,34.9235542,29.5431366,34.9235542,29.5431366
POINT (34.9230304 29.5438816),Point 494,,2,17,34.9230304,29.5438816,69.8460608,59.0877632
POINT (34.9234461 29.5437486),Point 495,,1,17,34.9234461,29.5437486,34.9234461,29.5437486
POINT (34.9355497 29.5465524),Point 388,,1,18,34.9355497,29.5465524,34.9355497,29.5465524
POINT (34.9352546 29.5463844),Point 389,,1,18,34.9352546,29.5463844,34.9352546,29.5463844
POINT (34.9355389 29.5463457),Point 390,,1,18,34.9355389,29.5463457,34.9355389,29.5463457
POINT (34.9349703 29.5464717),Point 391,,1,18,34.9349703,29.5464717,34.9349703,29.5464717
POINT (34.9346164 29.5461286),Point 392,,1,18,34.9346164,29.5461286,34.9346164,29.5461286
POINT (34.9353023 29.5458681),Point 393,,1,18,34.9353023,29.5458681,34.9353023,29.5458681
POINT (34.9358001 29.545011),Point 394,,1,18,34.9358001,29.545011,34.9358001,29.545011
POINT (34.9354382 29.5447414),Point 395,,1,18,34.9354382,29.5447414,34.9354382,29.5447414
POINT (34.9357529 29.5441797),Point 396,,1,18,34.9357529,29.5441797,34.9357529,29.5441797
POINT (34.9355769 29.5432416),Point 397,,1,18,34.9355769,29.5432416,34.9355769,29.5432416
POINT (34.9353849 29.5435987),Point 398,,1,18,34.9353849,29.5435987,34.9353849,29.5435987
POINT (34.9346203 29.5434269),Point 399,,2,18,34.9346203,29.5434269,69.8692406,59.0868538
POINT (34.9341327 29.5438656),Point 400,,1,18,34.9341327,29.5438656,34.9341327,29.5438656
POINT (34.9336265 29.5433289),Point 401,,2,18,34.9336265,29.5433289,69.867253,59.0866578
POINT (34.9329077 29.5434129),Point 402,,2,18,34.9329077,29.5434129,69.8658154,59.0868258
POINT (34.9326395 29.5436043),Point 403,,1,18,34.9326395,29.5436043,34.9326395,29.5436043
POINT (34.9322908 29.5439823),Point 404,,2,18,34.9322908,29.5439823,69.8645816,59.0879646
POINT (34.9331437 29.5444863),Point 405,,1,18,34.9331437,29.5444863,34.9331437,29.5444863
POINT (34.9340661 29.5460247),Point 406,,2,18,34.9340661,29.5460247,69.8681322,59.0920494
POINT (34.9300344 29.5429941),Point 496,,2,21,34.9300344,29.5429941,69.8600688,59.0859882
POINT (34.9312468 29.5433018),Point 497,,1,21,34.9312468,29.5433018,34.9312468,29.5433018
POINT (34.9307315 29.5431304),Point 498,,1,21,34.9307315,29.5431304,34.9307315,29.5431304
POINT (34.9305938 29.542798),Point 499,,1,21,34.9305938,29.542798,34.9305938,29.542798
POINT (34.9300627 29.54254),Point 500,,2,21,34.9300627,29.54254,69.8601254,59.08508
POINT (34.9296668 29.5423053),Point 501,,2,21,34.9296668,29.5423053,69.8593336,59.0846106
POINT (34.9295648 29.5417966),Point 502,,1,21,34.9295648,29.5417966,34.9295648,29.5417966
POINT (34.9300152 29.5413685),Point 503,,1,21,34.9300152,29.5413685,34.9300152,29.5413685
POINT (34.93016 29.5411233),Point 504,,2,21,34.93016,29.5411233,69.86032,59.0822466
POINT (34.9304604 29.5413847),Point 505,,1,21,34.9304604,29.5413847,34.9304604,29.5413847
POINT (34.9287545 29.5412666),Point 506,,1,21,34.9287545,29.5412666,34.9287545,29.5412666
POINT (34.9280858 29.5414325),Point 507,,2,21,34.9280858,29.5414325,69.8561716,59.082865
POINT (34.9277612 29.5413625),Point 508,,1,21,34.9277612,29.5413625,34.9277612,29.5413625
POINT (34.9291371 29.5407811),Point 509,,1,21,34.9291371,29.5407811,34.9291371,29.5407811
POINT (34.9295984 29.5407205),Point 510,,1,21,34.9295984,29.5407205,34.9295984,29.5407205
POINT (34.9299739 29.540352),Point 511,,1,21,34.9299739,29.540352,34.9299739,29.540352
POINT (34.9301109 29.538872),Point 512,,2,21,34.9301109,29.538872,69.8602218,59.077744
POINT (34.929714 29.5385407),Point 513,,1,21,34.929714,29.5385407,34.929714,29.5385407
POINT (34.9361067 29.5427545),Point 514,,2,21,34.9361067,29.5427545,69.8722134,59.085509
POINT (34.9380864 29.539389),Point 530,,2,21,34.9380864,29.539389,69.8761728,59.078778
POINT (34.9376377 29.5497952),Point 379,,1,22,34.9376377,29.5497952,34.9376377,29.5497952
POINT (34.9399978 29.548596),Point 380,probab3y not viab3e,1,22,34.9399978,29.548596,34.9399978,29.548596
POINT (34.9408258 29.5480049),Point 381,,1,22,34.9408258,29.5480049,34.9408258,29.5480049
POINT (34.9416948 29.5474608),Point 382,,1,22,34.9416948,29.5474608,34.9416948,29.5474608
POINT (34.9416936 29.5467679),Point 383,,1,22,34.9416936,29.5467679,34.9416936,29.5467679
POINT (34.938999 29.5490991),Point 384,,1,22,34.938999,29.5490991,34.938999,29.5490991
POINT (34.9390728 29.5425251),Point 385,,1,22,34.9390728,29.5425251,34.9390728,29.5425251
POINT (34.9386759 29.5426371),Point 386,,1,22,34.9386759,29.5426371,34.9386759,29.5426371
POINT (34.9381301 29.5429171),Point 387,,1,22,34.9381301,29.5429171,34.9381301,29.5429171
POINT (34.9373972 29.5433325),Point 388,,1,22,34.9373972,29.5433325,34.9373972,29.5433325
POINT (34.9370593 29.5436079),Point 389,,1,22,34.9370593,29.5436079,34.9370593,29.5436079
POINT (34.9369242 29.5447894),Point 390,,1,22,34.9369242,29.5447894,34.9369242,29.5447894
POINT (34.9367191 29.5468873),Point 391,,2,22,34.9367191,29.5468873,69.8734382,59.0937746
POINT (34.9367298 29.5471253),Point 392,Near a 1choo3,2,22,34.9367298,29.5471253,69.8734596,59.0942506
POINT (34.9377222 29.547748),Point 393,,1,22,34.9377222,29.547748,34.9377222,29.547748
POINT (34.9389242 29.5476173),Point 394,,1,22,34.9389242,29.5476173,34.9389242,29.5476173
POINT (34.9395894 29.5470513),Point 395,,1,22,34.9395894,29.5470513,34.9395894,29.5470513
POINT (34.9400408 29.5464252),Point 396,,1,22,34.9400408,29.5464252,34.9400408,29.5464252
POINT (34.9397672 29.5457159),Point 397,,1,22,34.9397672,29.5457159,34.9397672,29.5457159
POINT (34.9393434 29.5449832),Point 398,,1,22,34.9393434,29.5449832,34.9393434,29.5449832
POINT (34.9383804 29.543687),Point 399,,1,22,34.9383804,29.543687,34.9383804,29.543687
POINT (34.9383214 29.5441024),Point 400,,1,22,34.9383214,29.5441024,34.9383214,29.5441024
POINT (34.9382633 29.5446158),Point 401,,1,22,34.9382633,29.5446158,34.9382633,29.5446158
POINT (34.9381889 29.5450758),Point 402,,1,22,34.9381889,29.5450758,34.9381889,29.5450758
POINT (34.9381031 29.5455985),Point 403,,1,22,34.9381031,29.5455985,34.9381031,29.5455985
POINT (34.9380704 29.5460799),Point 404,,1,22,34.9380704,29.5460799,34.9380704,29.5460799
POINT (34.9379631 29.5465092),Point 405,,1,22,34.9379631,29.5465092,34.9379631,29.5465092
POINT (34.9379297 29.546962),Point 406,,1,22,34.9379297,29.546962,34.9379297,29.546962
POINT (34.9378576 29.5474448),Point 407,,1,22,34.9378576,29.5474448,34.9378576,29.5474448
POINT (34.9402705 29.5415367),Point 515,,2,23,34.9402705,29.5415367,69.880541,59.0830734
POINT (34.9410191 29.5409848),Point 516,,1,23,34.9410191,29.5409848,34.9410191,29.5409848
POINT (34.9416319 29.5405342),Point 517,,1,23,34.9416319,29.5405342,34.9416319,29.5405342
POINT (34.9400795 29.5404159),Point 518,,1,23,34.9400795,29.5404159,34.9400795,29.5404159
POINT (34.9404064 29.5401175),Point 519,,1,23,34.9404064,29.5401175,34.9404064,29.5401175
POINT (34.940729 29.5398844),Point 520,,1,23,34.940729,29.5398844,34.940729,29.5398844
POINT (34.9411229 29.5396547),Point 521,,1,23,34.9411229,29.5396547,34.9411229,29.5396547
POINT (34.9408798 29.539394),Point 522,,1,23,34.9408798,29.539394,34.9408798,29.539394
POINT (34.940373 29.5397471),Point 523,,1,23,34.940373,29.5397471,34.940373,29.5397471
POINT (34.9401037 29.539802),Point 524,,1,23,34.9401037,29.539802,34.9401037,29.539802
POINT (34.9396853 29.539886),Point 525,,2,23,34.9396853,29.539886,69.8793706,59.079772
POINT (34.9394595 29.5394011),Point 526,,1,23,34.9394595,29.5394011,34.9394595,29.5394011
POINT (34.9397685 29.5390285),Point 527,,1,23,34.9397685,29.5390285,34.9397685,29.5390285
POINT (34.9396371 29.5383415),Point 528,,1,23,34.9396371,29.5383415,34.9396371,29.5383415
POINT (34.9390873 29.5387382),Point 529,,1,23,34.9390873,29.5387382,34.9390873,29.5387382
POINT (34.9464327 29.5405785),lot 97,,3,23,34.9464327,29.5405785,104.8392981,88.6217355
POINT (34.9483315 29.5475075),lot 100,,1,25,34.9483315,29.5475075,34.9483315,29.5475075
POINT (34.9471884 29.5450135),lot 101,,1,25,34.9471884,29.5450135,34.9471884,29.5450135
POINT (34.9467779 29.5456032),lot 102,,1,25,34.9467779,29.5456032,34.9467779,29.5456032
POINT (34.9460781 29.546444),lot 103,,1,25,34.9460781,29.546444,34.9460781,29.546444
POINT (34.9464225 29.5460353),lot 104,,1,25,34.9464225,29.5460353,34.9464225,29.5460353
POINT (34.946249 29.5470918),lot 105,,1,25,34.946249,29.5470918,34.946249,29.5470918
POINT (34.9503059 29.545524),lot 163,,1,25,34.9503059,29.545524,34.9503059,29.545524
POINT (34.9482178 29.541923),lot 96,,3,25,34.9482178,29.541923,104.8446534,88.625769
POINT (34.9510755 29.5448521),lot 167,,1,25,34.9510755,29.5448521,34.9510755,29.5448521
POINT (34.9508427 29.5474858),lot 52,,3,27,34.9508427,29.5474858,104.8525281,88.6424574
POINT (34.9502786 29.5515897),lot 118,,1,27,34.9502786,29.5515897,34.9502786,29.5515897
POINT (34.9507746 29.5517619),lot 119,,1,27,34.9507746,29.5517619,34.9507746,29.5517619
POINT (34.9500665 29.5503279),lot 121,3arge Parking lot,3,27,34.9500665,29.5503279,104.8501995,88.6509837
POINT (34.9475096 29.5499057),lot 122,,2,27,34.9475096,29.5499057,69.8950192,59.0998114
POINT (34.9485231 29.5532802),lot 123,,3,27,34.9485231,29.5532802,104.8455693,88.6598406
POINT (34.9464665 29.550308),lot 124,,2,27,34.9464665,29.550308,69.892933,59.100616
POINT (34.9458255 29.5501727),lot 125,3ocated near 1choo3,1,27,34.9458255,29.5501727,34.9458255,29.5501727
POINT (34.9471337 29.5512073),lot 126,,2,27,34.9471337,29.5512073,69.8942674,59.1024146
POINT (34.9463027 29.5507542),lot 128,,2,27,34.9463027,29.5507542,69.8926054,59.1015084
POINT (34.9480952 29.5524636),lot 138,,2,27,34.9480952,29.5524636,69.8961904,59.1049272
POINT (34.945997 29.550809),lot 162,3ocated near 1choo3,1,27,34.945997,29.550809,34.945997,29.550809
POINT (34.9482148 29.5503136),Point 364,,1,27,34.9482148,29.5503136,34.9482148,29.5503136
POINT (34.9516394 29.5468731),lot 95,,2,27,34.9516394,29.5468731,69.9032788,59.0937462
POINT (34.9590989 29.5671852),lot 5,,3,29,34.9590989,29.5671852,104.8772967,88.7015556
POINT (34.959494 29.5653414),lot 15,,1,29,34.959494,29.5653414,34.959494,29.5653414
POINT (34.9585171 29.5678645),lot 18,,1,29,34.9585171,29.5678645,34.9585171,29.5678645
POINT (34.9588152 29.5663863),lot 23,lot1 of parking lot1 for charger1,3,29,34.9588152,29.5663863,104.8764456,88.6991589
POINT (34.9586006 29.5657797),lot 24,lot1 of 1pace for parking,3,29,34.9586006,29.5657797,104.8758018,88.6973391
POINT (34.9603264 29.566293),lot 25,2ediu2 Charger1?,3,29,34.9603264,29.566293,104.8809792,88.698879
POINT (34.9596611 29.5680229),lot 26,,3,29,34.9596611,29.5680229,104.8789833,88.7040687
POINT (34.9569949 29.5639379),lot 27,,2,29,34.9569949,29.5639379,69.9139898,59.1278758
POINT (34.9554541 29.5655679),lot 28,,3,29,34.9554541,29.5655679,104.8663623,88.6967037
POINT (34.9561733 29.5677227),lot 29,,3,29,34.9561733,29.5677227,104.8685199,88.7031681
POINT (34.9595907 29.5629355),lot 32,,1,29,34.9595907,29.5629355,34.9595907,29.5629355
POINT (34.9557315 29.5584068),lot 113,,3,29,34.9557315,29.5584068,104.8671945,88.6752204
POINT (34.9592924 29.5716403),lot 190,,3,29,34.9592924,29.5716403,104.8778772,88.7149209
POINT (34.9586862 29.569073),lot 191,,3,29,34.9586862,29.569073,104.8760586,88.707219
POINT (34.9609256 29.5695536),lot 192,,3,29,34.9609256,29.5695536,104.8827768,88.7086608
POINT (34.9617946 29.5696376),lot 193,,1,29,34.9617946,29.5696376,34.9617946,29.5696376
POINT (34.961344 29.5689261),lot 194,,1,29,34.961344,29.5689261,34.961344,29.5689261
POINT (34.9607961 29.5684665),lot 195,,1,29,34.9607961,29.5684665,34.9607961,29.5684665
POINT (34.9632696 29.5693669),lot 196,,2,29,34.9632696,29.5693669,69.9265392,59.1387338
POINT (34.9616624 29.5686368),lot 197,,1,29,34.9616624,29.5686368,34.9616624,29.5686368
POINT (34.9623357 29.5700668),lot 198,,1,29,34.9623357,29.5700668,34.9623357,29.5700668
POINT (34.9566646 29.5657653),lot 205,,2,29,34.9566646,29.5657653,69.9133292,59.1315306
POINT (34.9623174 29.5715999),lot 206,,3,29,34.9623174,29.5715999,104.8869522,88.7147997
POINT (34.963932 29.5708534),lot 207,,3,29,34.963932,29.5708534,104.891796,88.7125602
POINT (34.95763 29.5601685),lot 216,,1,29,34.95763,29.5601685,34.95763,29.5601685
POINT (34.9575904 29.5682362),lot 236,,1,29,34.9575904,29.5682362,34.9575904,29.5682362
POINT (34.958164 29.5714831),lot 237,,1,29,34.958164,29.5714831,34.958164,29.5714831
POINT (34.957562 29.5698229),lot 238,,2,29,34.957562,29.5698229,69.915124,59.1396458
POINT (34.9581172 29.5703653),lot 239,,2,29,34.9581172,29.5703653,69.9162344,59.1407306
POINT (34.9590245 29.5708762),lot 240,,1,29,34.9590245,29.5708762,34.9590245,29.5708762
POINT (34.9598834 29.5705597),lot 241,,2,29,34.9598834,29.5705597,69.9197668,59.1411194
POINT (34.9596017 29.5701176),lot 242,,2,29,34.9596017,29.5701176,69.9192034,59.1402352
POINT (34.9598222 29.5687618),lot 243,,2,29,34.9598222,29.5687618,69.9196444,59.1375236
POINT (34.9576114 29.5622947),lot 250,,2,29,34.9576114,29.5622947,69.9152228,59.1245894
POINT (34.9583324 29.5711463),lot 254,,1,29,34.9583324,29.5711463,34.9583324,29.5711463
POINT (34.9582613 29.5709118),lot 255,,1,29,34.9582613,29.5709118,34.9582613,29.5709118
POINT (34.9579174 29.570845),lot 256,,1,29,34.9579174,29.570845,34.9579174,29.570845
POINT (34.9586929 29.5709907),lot 257,,1,29,34.9586929,29.5709907,34.9586929,29.5709907
POINT (34.9583169 29.5639072),lot 259,,2,29,34.9583169,29.5639072,69.9166338,59.1278144
POINT (34.9571359 29.5674323),lot 271,,1,29,34.9571359,29.5674323,34.9571359,29.5674323
POINT (34.9565874 29.5668047),lot 275,,1,29,34.9565874,29.5668047,34.9565874,29.5668047
POINT (34.9593388 29.5640752),lot 276,,2,29,34.9593388,29.5640752,69.9186776,59.1281504
POINT (34.9601927 29.5643062),lot 277,,2,29,34.9601927,29.5643062,69.9203854,59.1286124
POINT (34.9589889 29.5715876),lot 258,,1,29,34.9589889,29.5715876,34.9589889,29.5715876
POINT (34.9576736 29.5607479),Point 367,,1,29,34.9576736,29.5607479,34.9576736,29.5607479